Titolo,ID,Durata,Spotify URL,URI,Album
DANTE - il profeta,3PUGrLhkkKPyZ3nJsOqUyd,1.7,"<a href=""https://open.spotify.com/track/3PUGrLhkkKPyZ3nJsOqUyd"" target=""_blank"">https://open.spotify.com/track/3PUGrLhkkKPyZ3nJsOqUyd</a>",3PUGrLhkkKPyZ3nJsOqUyd,Effetto notte (L'alba)
RAY LIOTTA - goodfellas,2ghK72VHQzKy3olZWsrwQ7,3.07,"<a href=""https://open.spotify.com/track/2ghK72VHQzKy3olZWsrwQ7"" target=""_blank"">https://open.spotify.com/track/2ghK72VHQzKy3olZWsrwQ7</a>",2ghK72VHQzKy3olZWsrwQ7,Effetto notte (L'alba)
HUMBLE - sicario,5TErXNNFfMHNGlRqojsSZ4,2.72,"<a href=""https://open.spotify.com/track/5TErXNNFfMHNGlRqojsSZ4"" target=""_blank"">https://open.spotify.com/track/5TErXNNFfMHNGlRqojsSZ4</a>",5TErXNNFfMHNGlRqojsSZ4,Effetto notte (L'alba)
JOE PESCI & DE NIRO - casinò,0KH2L2BYgLYo6rU0K7olHf,2.62,"<a href=""https://open.spotify.com/track/0KH2L2BYgLYo6rU0K7olHf"" target=""_blank"">https://open.spotify.com/track/0KH2L2BYgLYo6rU0K7olHf</a>",0KH2L2BYgLYo6rU0K7olHf,Effetto notte (L'alba)
NOI SIAMO LEGGENDA - chronicle,0Mxc73SQ18HsxBchzQNxXB,2.64,"<a href=""https://open.spotify.com/track/0Mxc73SQ18HsxBchzQNxXB"" target=""_blank"">https://open.spotify.com/track/0Mxc73SQ18HsxBchzQNxXB</a>",0Mxc73SQ18HsxBchzQNxXB,Effetto notte (L'alba)
PACINO - the godfather,3heACWPkfMIHbSlKm1qm92,2.04,"<a href=""https://open.spotify.com/track/3heACWPkfMIHbSlKm1qm92"" target=""_blank"">https://open.spotify.com/track/3heACWPkfMIHbSlKm1qm92</a>",3heACWPkfMIHbSlKm1qm92,Effetto notte (L'alba)
ON FIRE - paid in full,0a1LviwPaUF5qeRwTMoK6F,2.93,"<a href=""https://open.spotify.com/track/0a1LviwPaUF5qeRwTMoK6F"" target=""_blank"">https://open.spotify.com/track/0a1LviwPaUF5qeRwTMoK6F</a>",0a1LviwPaUF5qeRwTMoK6F,Effetto notte (L'alba)
COL CUORE IN GOLA - lords of dogtown,0uT4tGDxgQAEvwdHfhScTy,3.14,"<a href=""https://open.spotify.com/track/0uT4tGDxgQAEvwdHfhScTy"" target=""_blank"">https://open.spotify.com/track/0uT4tGDxgQAEvwdHfhScTy</a>",0uT4tGDxgQAEvwdHfhScTy,Effetto notte (L'alba)
VISCERALE - closer,6Xb1R7J9T0A3GS6QHcCryW,3.07,"<a href=""https://open.spotify.com/track/6Xb1R7J9T0A3GS6QHcCryW"" target=""_blank"">https://open.spotify.com/track/6Xb1R7J9T0A3GS6QHcCryW</a>",6Xb1R7J9T0A3GS6QHcCryW,Effetto notte (L'alba)
MASERATI - the wolf of wall street,3KN5SGCLAgoChv6EUqMSew,2.27,"<a href=""https://open.spotify.com/track/3KN5SGCLAgoChv6EUqMSew"" target=""_blank"">https://open.spotify.com/track/3KN5SGCLAgoChv6EUqMSew</a>",3KN5SGCLAgoChv6EUqMSew,Effetto notte (L'alba)
LONTANO - carlito's way,2Vc2Dm5aJcNgzriRdiqisu,2.78,"<a href=""https://open.spotify.com/track/2Vc2Dm5aJcNgzriRdiqisu"" target=""_blank"">https://open.spotify.com/track/2Vc2Dm5aJcNgzriRdiqisu</a>",2Vc2Dm5aJcNgzriRdiqisu,Effetto notte (L'alba)
ALBICOCCA - lolita,4yKtUFkQwefLdwNqcjRYYn,2.71,"<a href=""https://open.spotify.com/track/4yKtUFkQwefLdwNqcjRYYn"" target=""_blank"">https://open.spotify.com/track/4yKtUFkQwefLdwNqcjRYYn</a>",4yKtUFkQwefLdwNqcjRYYn,Effetto notte (L'alba)
BIG BANG - upside down,2yOkpbhcXNBRJ5EFz7CDXh,3.3,"<a href=""https://open.spotify.com/track/2yOkpbhcXNBRJ5EFz7CDXh"" target=""_blank"">https://open.spotify.com/track/2yOkpbhcXNBRJ5EFz7CDXh</a>",2yOkpbhcXNBRJ5EFz7CDXh,Effetto notte (L'alba)
TOXIC - trainspotting,29h7Lil8HQ6Ao4Q7Z3Gzfh,3.0,"<a href=""https://open.spotify.com/track/29h7Lil8HQ6Ao4Q7Z3Gzfh"" target=""_blank"">https://open.spotify.com/track/29h7Lil8HQ6Ao4Q7Z3Gzfh</a>",29h7Lil8HQ6Ao4Q7Z3Gzfh,Effetto notte (L'alba)
SONNY - city of god,68cwwkL2nEBwSiBbSMy8BM,3.18,"<a href=""https://open.spotify.com/track/68cwwkL2nEBwSiBbSMy8BM"" target=""_blank"">https://open.spotify.com/track/68cwwkL2nEBwSiBbSMy8BM</a>",68cwwkL2nEBwSiBbSMy8BM,Effetto notte (L'alba)
MC DRIVE - la haine,5SWTqe2KYmxXzqcPXgkAEQ,3.0,"<a href=""https://open.spotify.com/track/5SWTqe2KYmxXzqcPXgkAEQ"" target=""_blank"">https://open.spotify.com/track/5SWTqe2KYmxXzqcPXgkAEQ</a>",5SWTqe2KYmxXzqcPXgkAEQ,Effetto notte (L'alba)
SENZ'ANIMA - nikita,7eXYwMRYIWKbiKFPb6OwSY,3.22,"<a href=""https://open.spotify.com/track/7eXYwMRYIWKbiKFPb6OwSY"" target=""_blank"">https://open.spotify.com/track/7eXYwMRYIWKbiKFPb6OwSY</a>",7eXYwMRYIWKbiKFPb6OwSY,Effetto notte (L'alba)
ATTORI DI STRADA - ragazzi fuori,719zWT70t0XWcj8w0HVM5d,3.51,"<a href=""https://open.spotify.com/track/719zWT70t0XWcj8w0HVM5d"" target=""_blank"">https://open.spotify.com/track/719zWT70t0XWcj8w0HVM5d</a>",719zWT70t0XWcj8w0HVM5d,Effetto notte (L'alba)
BEL FINALE - the butterfly effect,2uSqf1v3F4c6qG1bMbT1Gd,3.1,"<a href=""https://open.spotify.com/track/2uSqf1v3F4c6qG1bMbT1Gd"" target=""_blank"">https://open.spotify.com/track/2uSqf1v3F4c6qG1bMbT1Gd</a>",2uSqf1v3F4c6qG1bMbT1Gd,Effetto notte (L'alba)
PACINO - the godfather,0DJJkaSRugtaqVjWOItGn0,2.04,"<a href=""https://open.spotify.com/track/0DJJkaSRugtaqVjWOItGn0"" target=""_blank"">https://open.spotify.com/track/0DJJkaSRugtaqVjWOItGn0</a>",0DJJkaSRugtaqVjWOItGn0,Effetto notte
ON FIRE - paid in full,2pGbOFiWVwZaTq3iKi5sGb,2.93,"<a href=""https://open.spotify.com/track/2pGbOFiWVwZaTq3iKi5sGb"" target=""_blank"">https://open.spotify.com/track/2pGbOFiWVwZaTq3iKi5sGb</a>",2pGbOFiWVwZaTq3iKi5sGb,Effetto notte
COL CUORE IN GOLA - lords of dogtown,2ypcWaliFPJ9c3JeWMqi1w,3.14,"<a href=""https://open.spotify.com/track/2ypcWaliFPJ9c3JeWMqi1w"" target=""_blank"">https://open.spotify.com/track/2ypcWaliFPJ9c3JeWMqi1w</a>",2ypcWaliFPJ9c3JeWMqi1w,Effetto notte
VISCERALE - closer,7bgJm5Z7EpvXRMdysiUjCj,3.07,"<a href=""https://open.spotify.com/track/7bgJm5Z7EpvXRMdysiUjCj"" target=""_blank"">https://open.spotify.com/track/7bgJm5Z7EpvXRMdysiUjCj</a>",7bgJm5Z7EpvXRMdysiUjCj,Effetto notte
MASERATI - the wolf of wall street,3vZ3ZCdyr7jxBDKzgFtKBN,2.27,"<a href=""https://open.spotify.com/track/3vZ3ZCdyr7jxBDKzgFtKBN"" target=""_blank"">https://open.spotify.com/track/3vZ3ZCdyr7jxBDKzgFtKBN</a>",3vZ3ZCdyr7jxBDKzgFtKBN,Effetto notte
LONTANO - carlito's way,2t1dculU2L9HxEIzB00Xpk,2.78,"<a href=""https://open.spotify.com/track/2t1dculU2L9HxEIzB00Xpk"" target=""_blank"">https://open.spotify.com/track/2t1dculU2L9HxEIzB00Xpk</a>",2t1dculU2L9HxEIzB00Xpk,Effetto notte
ALBICOCCA - lolita,1Bkq1PP6QZrZcpAyEnIKDy,2.71,"<a href=""https://open.spotify.com/track/1Bkq1PP6QZrZcpAyEnIKDy"" target=""_blank"">https://open.spotify.com/track/1Bkq1PP6QZrZcpAyEnIKDy</a>",1Bkq1PP6QZrZcpAyEnIKDy,Effetto notte
BIG BANG - upside down,6IMdD50UNZOZxGro2bgsnN,3.3,"<a href=""https://open.spotify.com/track/6IMdD50UNZOZxGro2bgsnN"" target=""_blank"">https://open.spotify.com/track/6IMdD50UNZOZxGro2bgsnN</a>",6IMdD50UNZOZxGro2bgsnN,Effetto notte
TOXIC - trainspotting,3mrtP5imQ3Mv3OQ0byI4ix,3.0,"<a href=""https://open.spotify.com/track/3mrtP5imQ3Mv3OQ0byI4ix"" target=""_blank"">https://open.spotify.com/track/3mrtP5imQ3Mv3OQ0byI4ix</a>",3mrtP5imQ3Mv3OQ0byI4ix,Effetto notte
SONNY - city of god,3knzVyYsKLWzlzdBiZPHWB,3.18,"<a href=""https://open.spotify.com/track/3knzVyYsKLWzlzdBiZPHWB"" target=""_blank"">https://open.spotify.com/track/3knzVyYsKLWzlzdBiZPHWB</a>",3knzVyYsKLWzlzdBiZPHWB,Effetto notte
MC DRIVE - la haine,6xEKlNQQ5XcUXihEQ6wON7,3.0,"<a href=""https://open.spotify.com/track/6xEKlNQQ5XcUXihEQ6wON7"" target=""_blank"">https://open.spotify.com/track/6xEKlNQQ5XcUXihEQ6wON7</a>",6xEKlNQQ5XcUXihEQ6wON7,Effetto notte
SENZ'ANIMA - nikita,39ZJEJ8KLq8yQQ1OEAdJ1W,3.22,"<a href=""https://open.spotify.com/track/39ZJEJ8KLq8yQQ1OEAdJ1W"" target=""_blank"">https://open.spotify.com/track/39ZJEJ8KLq8yQQ1OEAdJ1W</a>",39ZJEJ8KLq8yQQ1OEAdJ1W,Effetto notte
ATTORI DI STRADA - ragazzi fuori,1VTZiz4hE2YSaJZZ83N5dr,3.51,"<a href=""https://open.spotify.com/track/1VTZiz4hE2YSaJZZ83N5dr"" target=""_blank"">https://open.spotify.com/track/1VTZiz4hE2YSaJZZ83N5dr</a>",1VTZiz4hE2YSaJZZ83N5dr,Effetto notte
BEL FINALE - the butterfly effect,36IxxPEiwxT1TPRDsKXdxY,1.86,"<a href=""https://open.spotify.com/track/36IxxPEiwxT1TPRDsKXdxY"" target=""_blank"">https://open.spotify.com/track/36IxxPEiwxT1TPRDsKXdxY</a>",36IxxPEiwxT1TPRDsKXdxY,Effetto notte
Sulla luna (intro),3nKA4HNuLw8oRvjBjY116r,2.09,"<a href=""https://open.spotify.com/track/3nKA4HNuLw8oRvjBjY116r"" target=""_blank"">https://open.spotify.com/track/3nKA4HNuLw8oRvjBjY116r</a>",3nKA4HNuLw8oRvjBjY116r,L'erba cattiva (10 Years Anniversary Edition)
Cashwoman,3diNNevWuOFP00rJs51EcF,2.79,"<a href=""https://open.spotify.com/track/3diNNevWuOFP00rJs51EcF"" target=""_blank"">https://open.spotify.com/track/3diNNevWuOFP00rJs51EcF</a>",3diNNevWuOFP00rJs51EcF,L'erba cattiva (10 Years Anniversary Edition)
Parole di ghiaccio,3IR20zWyql3UyURiPs5RaB,3.73,"<a href=""https://open.spotify.com/track/3IR20zWyql3UyURiPs5RaB"" target=""_blank"">https://open.spotify.com/track/3IR20zWyql3UyURiPs5RaB</a>",3IR20zWyql3UyURiPs5RaB,L'erba cattiva (10 Years Anniversary Edition)
Dietro front (feat. Fabri Fibra),7h92cTYpnRSYpV25sixGlm,3.1,"<a href=""https://open.spotify.com/track/7h92cTYpnRSYpV25sixGlm"" target=""_blank"">https://open.spotify.com/track/7h92cTYpnRSYpV25sixGlm</a>",7h92cTYpnRSYpV25sixGlm,L'erba cattiva (10 Years Anniversary Edition)
Come un pitbull,0VeRBqohOzb3nF8KhYQwEK,3.63,"<a href=""https://open.spotify.com/track/0VeRBqohOzb3nF8KhYQwEK"" target=""_blank"">https://open.spotify.com/track/0VeRBqohOzb3nF8KhYQwEK</a>",0VeRBqohOzb3nF8KhYQwEK,L'erba cattiva (10 Years Anniversary Edition)
Ognuno per sè (feat. Guè),1pegcvjD0vrZrHUOmiifUA,3.14,"<a href=""https://open.spotify.com/track/1pegcvjD0vrZrHUOmiifUA"" target=""_blank"">https://open.spotify.com/track/1pegcvjD0vrZrHUOmiifUA</a>",1pegcvjD0vrZrHUOmiifUA,L'erba cattiva (10 Years Anniversary Edition)
L'erba cattiva,4hoyFHWi1812CUl4FCFVXt,3.81,"<a href=""https://open.spotify.com/track/4hoyFHWi1812CUl4FCFVXt"" target=""_blank"">https://open.spotify.com/track/4hoyFHWi1812CUl4FCFVXt</a>",4hoyFHWi1812CUl4FCFVXt,L'erba cattiva (10 Years Anniversary Edition)
Cocktailz (feat. G. Soave & Duellz),3k3LP2DUyT9mDhaaZNcob9,3.41,"<a href=""https://open.spotify.com/track/3k3LP2DUyT9mDhaaZNcob9"" target=""_blank"">https://open.spotify.com/track/3k3LP2DUyT9mDhaaZNcob9</a>",3k3LP2DUyT9mDhaaZNcob9,L'erba cattiva (10 Years Anniversary Edition)
Nice pic,6xb8eMUgjdELMBcNM96va4,3.09,"<a href=""https://open.spotify.com/track/6xb8eMUgjdELMBcNM96va4"" target=""_blank"">https://open.spotify.com/track/6xb8eMUgjdELMBcNM96va4</a>",6xb8eMUgjdELMBcNM96va4,L'erba cattiva (10 Years Anniversary Edition)
Nei guai (feat. Tormento),2CGvZZnXy6TfrJ4PBKdK86,3.15,"<a href=""https://open.spotify.com/track/2CGvZZnXy6TfrJ4PBKdK86"" target=""_blank"">https://open.spotify.com/track/2CGvZZnXy6TfrJ4PBKdK86</a>",2CGvZZnXy6TfrJ4PBKdK86,L'erba cattiva (10 Years Anniversary Edition)
Giusto o sbagliato,4ve1unJ2E520POuHUU7654,3.15,"<a href=""https://open.spotify.com/track/4ve1unJ2E520POuHUU7654"" target=""_blank"">https://open.spotify.com/track/4ve1unJ2E520POuHUU7654</a>",4ve1unJ2E520POuHUU7654,L'erba cattiva (10 Years Anniversary Edition)
Il mondo dei grandi (feat. Marracash),3hBnQj5DVAtVJNELFf76nY,3.76,"<a href=""https://open.spotify.com/track/3hBnQj5DVAtVJNELFf76nY"" target=""_blank"">https://open.spotify.com/track/3hBnQj5DVAtVJNELFf76nY</a>",3hBnQj5DVAtVJNELFf76nY,L'erba cattiva (10 Years Anniversary Edition)
Tutto quello che ho (feat. Fabio De Martino),3JhTUTLtKUQh5bYmok1xHd,4.62,"<a href=""https://open.spotify.com/track/3JhTUTLtKUQh5bYmok1xHd"" target=""_blank"">https://open.spotify.com/track/3JhTUTLtKUQh5bYmok1xHd</a>",3JhTUTLtKUQh5bYmok1xHd,L'erba cattiva (10 Years Anniversary Edition)
Il peggiore,7LWFSqziGBYESZBn0IUowP,3.44,"<a href=""https://open.spotify.com/track/7LWFSqziGBYESZBn0IUowP"" target=""_blank"">https://open.spotify.com/track/7LWFSqziGBYESZBn0IUowP</a>",7LWFSqziGBYESZBn0IUowP,L'erba cattiva (10 Years Anniversary Edition)
Di.Enne.A.,6gAaLEX4dEAKNlyiysstms,4.23,"<a href=""https://open.spotify.com/track/6gAaLEX4dEAKNlyiysstms"" target=""_blank"">https://open.spotify.com/track/6gAaLEX4dEAKNlyiysstms</a>",6gAaLEX4dEAKNlyiysstms,L'erba cattiva (10 Years Anniversary Edition)
Qualche sasso,0ON7cT98E4H7Rh4dzfvKCa,2.13,"<a href=""https://open.spotify.com/track/0ON7cT98E4H7Rh4dzfvKCa"" target=""_blank"">https://open.spotify.com/track/0ON7cT98E4H7Rh4dzfvKCa</a>",0ON7cT98E4H7Rh4dzfvKCa,"Keta Music, Vol. 3"
No police no problem (feat. J. Lord),4VrigPWWuXhToLQnHEaaXf,2.44,"<a href=""https://open.spotify.com/track/4VrigPWWuXhToLQnHEaaXf"" target=""_blank"">https://open.spotify.com/track/4VrigPWWuXhToLQnHEaaXf</a>",4VrigPWWuXhToLQnHEaaXf,"Keta Music, Vol. 3"
Morto di fame (feat. Lazza),4hqi818jHZUJIbJ6OJllGI,2.72,"<a href=""https://open.spotify.com/track/4hqi818jHZUJIbJ6OJllGI"" target=""_blank"">https://open.spotify.com/track/4hqi818jHZUJIbJ6OJllGI</a>",4hqi818jHZUJIbJ6OJllGI,"Keta Music, Vol. 3"
Psycho (feat. Rose Villain),1T0Yxsej1IIwR9Zxx676da,2.38,"<a href=""https://open.spotify.com/track/1T0Yxsej1IIwR9Zxx676da"" target=""_blank"">https://open.spotify.com/track/1T0Yxsej1IIwR9Zxx676da</a>",1T0Yxsej1IIwR9Zxx676da,"Keta Music, Vol. 3"
Notte gialla (feat. Madame),5KkH1w1g6ACMRoz1fYvWCb,3.18,"<a href=""https://open.spotify.com/track/5KkH1w1g6ACMRoz1fYvWCb"" target=""_blank"">https://open.spotify.com/track/5KkH1w1g6ACMRoz1fYvWCb</a>",5KkH1w1g6ACMRoz1fYvWCb,"Keta Music, Vol. 3"
Jam session (feat. Gemitaiz),4TN1OPvUjXlFlgSZts4uus,2.82,"<a href=""https://open.spotify.com/track/4TN1OPvUjXlFlgSZts4uus"" target=""_blank"">https://open.spotify.com/track/4TN1OPvUjXlFlgSZts4uus</a>",4TN1OPvUjXlFlgSZts4uus,"Keta Music, Vol. 3"
I soldi degli altri (feat. Jake La Furia & Montenero),2ll2BFFW0QbQJ5MGhAXZr2,2.94,"<a href=""https://open.spotify.com/track/2ll2BFFW0QbQJ5MGhAXZr2"" target=""_blank"">https://open.spotify.com/track/2ll2BFFW0QbQJ5MGhAXZr2</a>",2ll2BFFW0QbQJ5MGhAXZr2,"Keta Music, Vol. 3"
Street Movie (feat. Jake La Furia & RollzRois),56i2Lo76YMcsJt1daDxSbJ,2.78,"<a href=""https://open.spotify.com/track/56i2Lo76YMcsJt1daDxSbJ"" target=""_blank"">https://open.spotify.com/track/56i2Lo76YMcsJt1daDxSbJ</a>",56i2Lo76YMcsJt1daDxSbJ,"Keta Music, Vol. 3"
Piede in strada (feat. Mera),58oeJn3WUNbOBwaDFLgYL3,2.67,"<a href=""https://open.spotify.com/track/58oeJn3WUNbOBwaDFLgYL3"" target=""_blank"">https://open.spotify.com/track/58oeJn3WUNbOBwaDFLgYL3</a>",58oeJn3WUNbOBwaDFLgYL3,"Keta Music, Vol. 3"
Giovani eroi (feat. Not Good),1aSRwLXZ5n7PlLWcle2CyO,2.55,"<a href=""https://open.spotify.com/track/1aSRwLXZ5n7PlLWcle2CyO"" target=""_blank"">https://open.spotify.com/track/1aSRwLXZ5n7PlLWcle2CyO</a>",1aSRwLXZ5n7PlLWcle2CyO,"Keta Music, Vol. 3"
Nel male e nel bene (feat. Massimo Pericolo),0gpmaIaAS74HHiCoO462xj,3.18,"<a href=""https://open.spotify.com/track/0gpmaIaAS74HHiCoO462xj"" target=""_blank"">https://open.spotify.com/track/0gpmaIaAS74HHiCoO462xj</a>",0gpmaIaAS74HHiCoO462xj,"Keta Music, Vol. 3"
Crudo,1ygZfpABExUIUVtb15WgmJ,2.81,"<a href=""https://open.spotify.com/track/1ygZfpABExUIUVtb15WgmJ"" target=""_blank"">https://open.spotify.com/track/1ygZfpABExUIUVtb15WgmJ</a>",1ygZfpABExUIUVtb15WgmJ,17 - Dark Edition
No Cap (feat. Geolier),3uqFFmxrCv4nzkKFSNbXHv,3.22,"<a href=""https://open.spotify.com/track/3uqFFmxrCv4nzkKFSNbXHv"" target=""_blank"">https://open.spotify.com/track/3uqFFmxrCv4nzkKFSNbXHv</a>",3uqFFmxrCv4nzkKFSNbXHv,17 - Dark Edition
Per Tutta La Città (feat. Ernia),2yPQPbigyqnHeKwWLTpnWu,2.77,"<a href=""https://open.spotify.com/track/2yPQPbigyqnHeKwWLTpnWu"" target=""_blank"">https://open.spotify.com/track/2yPQPbigyqnHeKwWLTpnWu</a>",2yPQPbigyqnHeKwWLTpnWu,17 - Dark Edition
Ok Così,0WqVAPT8FENj7AUyO2nAJ0,2.46,"<a href=""https://open.spotify.com/track/0WqVAPT8FENj7AUyO2nAJ0"" target=""_blank"">https://open.spotify.com/track/0WqVAPT8FENj7AUyO2nAJ0</a>",0WqVAPT8FENj7AUyO2nAJ0,17 - Dark Edition
Più Lei Che Noi (feat. Rkomi),6BWss9k0eYlgBmU2UUVZt4,3.06,"<a href=""https://open.spotify.com/track/6BWss9k0eYlgBmU2UUVZt4"" target=""_blank"">https://open.spotify.com/track/6BWss9k0eYlgBmU2UUVZt4</a>",6BWss9k0eYlgBmU2UUVZt4,17 - Dark Edition
L'Ultima Volta RMX (feat. Speranza),4GhsWHWoO0phlE5bUYLTlF,3.61,"<a href=""https://open.spotify.com/track/4GhsWHWoO0phlE5bUYLTlF"" target=""_blank"">https://open.spotify.com/track/4GhsWHWoO0phlE5bUYLTlF</a>",4GhsWHWoO0phlE5bUYLTlF,17 - Dark Edition
Il Seme Del Male RMX (feat. Not Good & Inamos),5qqzUrGlnjqsJdvA8TQ7EJ,2.71,"<a href=""https://open.spotify.com/track/5qqzUrGlnjqsJdvA8TQ7EJ"" target=""_blank"">https://open.spotify.com/track/5qqzUrGlnjqsJdvA8TQ7EJ</a>",5qqzUrGlnjqsJdvA8TQ7EJ,17 - Dark Edition
Broken Language,6c6n8mNJEVXtOWk8DGdzbA,1.82,"<a href=""https://open.spotify.com/track/6c6n8mNJEVXtOWk8DGdzbA"" target=""_blank"">https://open.spotify.com/track/6c6n8mNJEVXtOWk8DGdzbA</a>",6c6n8mNJEVXtOWk8DGdzbA,17 - Dark Edition
Malandrino,2Pns0FO7cWmuHzulWvjJDy,3.02,"<a href=""https://open.spotify.com/track/2Pns0FO7cWmuHzulWvjJDy"" target=""_blank"">https://open.spotify.com/track/2Pns0FO7cWmuHzulWvjJDy</a>",2Pns0FO7cWmuHzulWvjJDy,17 - Dark Edition
No Insta - feat. Lazza,5kgQU6stuVO7HiYeTBw6qe,3.0,"<a href=""https://open.spotify.com/track/5kgQU6stuVO7HiYeTBw6qe"" target=""_blank"">https://open.spotify.com/track/5kgQU6stuVO7HiYeTBw6qe</a>",5kgQU6stuVO7HiYeTBw6qe,17 - Dark Edition
Renè & Francis,2Tsv8BeHSTvf6fQ00jYtv0,2.95,"<a href=""https://open.spotify.com/track/2Tsv8BeHSTvf6fQ00jYtv0"" target=""_blank"">https://open.spotify.com/track/2Tsv8BeHSTvf6fQ00jYtv0</a>",2Tsv8BeHSTvf6fQ00jYtv0,17 - Dark Edition
Amore tossico,4N3a8Az2DHZuZU8g7cNhK2,3.2,"<a href=""https://open.spotify.com/track/4N3a8Az2DHZuZU8g7cNhK2"" target=""_blank"">https://open.spotify.com/track/4N3a8Az2DHZuZU8g7cNhK2</a>",4N3a8Az2DHZuZU8g7cNhK2,17 - Dark Edition
666,12Jnt3v5OLoAekFjL6IIM7,2.36,"<a href=""https://open.spotify.com/track/12Jnt3v5OLoAekFjL6IIM7"" target=""_blank"">https://open.spotify.com/track/12Jnt3v5OLoAekFjL6IIM7</a>",12Jnt3v5OLoAekFjL6IIM7,17 - Dark Edition
"Sparami - feat. Salmo, Fabri Fibra",43Rbz026pzedJcxHsFPkwX,3.13,"<a href=""https://open.spotify.com/track/43Rbz026pzedJcxHsFPkwX"" target=""_blank"">https://open.spotify.com/track/43Rbz026pzedJcxHsFPkwX</a>",43Rbz026pzedJcxHsFPkwX,17 - Dark Edition
Lontano da me,2aXvay8mea8AaDS0sWdoe8,3.75,"<a href=""https://open.spotify.com/track/2aXvay8mea8AaDS0sWdoe8"" target=""_blank"">https://open.spotify.com/track/2aXvay8mea8AaDS0sWdoe8</a>",2aXvay8mea8AaDS0sWdoe8,17 - Dark Edition
Maleducato,6LPlkmzsTVzcrmp34tXIBu,2.88,"<a href=""https://open.spotify.com/track/6LPlkmzsTVzcrmp34tXIBu"" target=""_blank"">https://open.spotify.com/track/6LPlkmzsTVzcrmp34tXIBu</a>",6LPlkmzsTVzcrmp34tXIBu,17 - Dark Edition
L'ultima volta - feat. Massimo Pericolo,05BK5sHkgs6RENgXP2bxnL,3.52,"<a href=""https://open.spotify.com/track/05BK5sHkgs6RENgXP2bxnL"" target=""_blank"">https://open.spotify.com/track/05BK5sHkgs6RENgXP2bxnL</a>",05BK5sHkgs6RENgXP2bxnL,17 - Dark Edition
La mia prigione,066Vxv7mJeERdDFm65nXky,2.68,"<a href=""https://open.spotify.com/track/066Vxv7mJeERdDFm65nXky"" target=""_blank"">https://open.spotify.com/track/066Vxv7mJeERdDFm65nXky</a>",066Vxv7mJeERdDFm65nXky,17 - Dark Edition
Toro Loco,1lNx2mEzbuXrREINgEtUhy,2.74,"<a href=""https://open.spotify.com/track/1lNx2mEzbuXrREINgEtUhy"" target=""_blank"">https://open.spotify.com/track/1lNx2mEzbuXrREINgEtUhy</a>",1lNx2mEzbuXrREINgEtUhy,17 - Dark Edition
Gli amici miei - feat. Lazza,3F94ty9y0VyYCXiyj5f027,4.48,"<a href=""https://open.spotify.com/track/3F94ty9y0VyYCXiyj5f027"" target=""_blank"">https://open.spotify.com/track/3F94ty9y0VyYCXiyj5f027</a>",3F94ty9y0VyYCXiyj5f027,17 - Dark Edition
Broken Language,6SUnPCMXpUvJ7ZiSFRg8rs,1.82,"<a href=""https://open.spotify.com/track/6SUnPCMXpUvJ7ZiSFRg8rs"" target=""_blank"">https://open.spotify.com/track/6SUnPCMXpUvJ7ZiSFRg8rs</a>",6SUnPCMXpUvJ7ZiSFRg8rs,17
Malandrino,5CxxEOnXCU1BrFVg1cNtyH,3.02,"<a href=""https://open.spotify.com/track/5CxxEOnXCU1BrFVg1cNtyH"" target=""_blank"">https://open.spotify.com/track/5CxxEOnXCU1BrFVg1cNtyH</a>",5CxxEOnXCU1BrFVg1cNtyH,17
No Insta - feat. Lazza,3uHVhjDeFz9wF4Sf7wX6iU,3.0,"<a href=""https://open.spotify.com/track/3uHVhjDeFz9wF4Sf7wX6iU"" target=""_blank"">https://open.spotify.com/track/3uHVhjDeFz9wF4Sf7wX6iU</a>",3uHVhjDeFz9wF4Sf7wX6iU,17
Renè & Francis,1xg3kuOWt3OXvI3TscVDaQ,2.95,"<a href=""https://open.spotify.com/track/1xg3kuOWt3OXvI3TscVDaQ"" target=""_blank"">https://open.spotify.com/track/1xg3kuOWt3OXvI3TscVDaQ</a>",1xg3kuOWt3OXvI3TscVDaQ,17
Amore tossico,2ZiSzj3pQ0mZaNEMMuqQh5,3.2,"<a href=""https://open.spotify.com/track/2ZiSzj3pQ0mZaNEMMuqQh5"" target=""_blank"">https://open.spotify.com/track/2ZiSzj3pQ0mZaNEMMuqQh5</a>",2ZiSzj3pQ0mZaNEMMuqQh5,17
666,3jQU5EUwG8vac5LepBlbIu,2.36,"<a href=""https://open.spotify.com/track/3jQU5EUwG8vac5LepBlbIu"" target=""_blank"">https://open.spotify.com/track/3jQU5EUwG8vac5LepBlbIu</a>",3jQU5EUwG8vac5LepBlbIu,17
"Sparami - feat. Salmo, Fabri Fibra",2goEcSJEnmaHyKgmBJJzNm,3.13,"<a href=""https://open.spotify.com/track/2goEcSJEnmaHyKgmBJJzNm"" target=""_blank"">https://open.spotify.com/track/2goEcSJEnmaHyKgmBJJzNm</a>",2goEcSJEnmaHyKgmBJJzNm,17
Lontano da me,66cuNz5ezu7kKuH9APLruU,3.75,"<a href=""https://open.spotify.com/track/66cuNz5ezu7kKuH9APLruU"" target=""_blank"">https://open.spotify.com/track/66cuNz5ezu7kKuH9APLruU</a>",66cuNz5ezu7kKuH9APLruU,17
Maleducato,3riPXZtSlwdrhMGk76jBw3,2.88,"<a href=""https://open.spotify.com/track/3riPXZtSlwdrhMGk76jBw3"" target=""_blank"">https://open.spotify.com/track/3riPXZtSlwdrhMGk76jBw3</a>",3riPXZtSlwdrhMGk76jBw3,17
L'ultima volta - feat. Massimo Pericolo,3rOw9WmYFCRLHTRcbOjhUl,3.52,"<a href=""https://open.spotify.com/track/3rOw9WmYFCRLHTRcbOjhUl"" target=""_blank"">https://open.spotify.com/track/3rOw9WmYFCRLHTRcbOjhUl</a>",3rOw9WmYFCRLHTRcbOjhUl,17
La mia prigione,5Y54kl3xbHe6QI0igiznzE,2.68,"<a href=""https://open.spotify.com/track/5Y54kl3xbHe6QI0igiznzE"" target=""_blank"">https://open.spotify.com/track/5Y54kl3xbHe6QI0igiznzE</a>",5Y54kl3xbHe6QI0igiznzE,17
Toro Loco,4lTFQjsjvuxTTq4L9qe82c,2.74,"<a href=""https://open.spotify.com/track/4lTFQjsjvuxTTq4L9qe82c"" target=""_blank"">https://open.spotify.com/track/4lTFQjsjvuxTTq4L9qe82c</a>",4lTFQjsjvuxTTq4L9qe82c,17
Gli amici miei - feat. Lazza,4BZCIqyBGmU1jeo4zPA8vb,4.48,"<a href=""https://open.spotify.com/track/4BZCIqyBGmU1jeo4zPA8vb"" target=""_blank"">https://open.spotify.com/track/4BZCIqyBGmU1jeo4zPA8vb</a>",4BZCIqyBGmU1jeo4zPA8vb,17
Medaglia,7AnQncZKcaqSq7peG0pvaQ,3.3,"<a href=""https://open.spotify.com/track/7AnQncZKcaqSq7peG0pvaQ"" target=""_blank"">https://open.spotify.com/track/7AnQncZKcaqSq7peG0pvaQ</a>",7AnQncZKcaqSq7peG0pvaQ,17
Il Seme del Male,7qcj4WcYAy8RUzu8QPUWSg,2.59,"<a href=""https://open.spotify.com/track/7qcj4WcYAy8RUzu8QPUWSg"" target=""_blank"">https://open.spotify.com/track/7qcj4WcYAy8RUzu8QPUWSg</a>",7qcj4WcYAy8RUzu8QPUWSg,17
Cowboy - feat. Tedua,3Pk5QS6oHK5qgCSmxaqwYn,3.01,"<a href=""https://open.spotify.com/track/3Pk5QS6oHK5qgCSmxaqwYn"" target=""_blank"">https://open.spotify.com/track/3Pk5QS6oHK5qgCSmxaqwYn</a>",3Pk5QS6oHK5qgCSmxaqwYn,17
Quello che non ho,3YJN7uSkunGJolNAb9JhiX,3.55,"<a href=""https://open.spotify.com/track/3YJN7uSkunGJolNAb9JhiX"" target=""_blank"">https://open.spotify.com/track/3YJN7uSkunGJolNAb9JhiX</a>",3YJN7uSkunGJolNAb9JhiX,17
Tijuana,2GSyQT0TRsOuaKyNt4msTi,3.03,"<a href=""https://open.spotify.com/track/2GSyQT0TRsOuaKyNt4msTi"" target=""_blank"">https://open.spotify.com/track/2GSyQT0TRsOuaKyNt4msTi</a>",2GSyQT0TRsOuaKyNt4msTi,Supereroe Bat Edition
Batman,1PNDIvLQ2rFQuLC2YncOR5,2.77,"<a href=""https://open.spotify.com/track/1PNDIvLQ2rFQuLC2YncOR5"" target=""_blank"">https://open.spotify.com/track/1PNDIvLQ2rFQuLC2YncOR5</a>",1PNDIvLQ2rFQuLC2YncOR5,Supereroe Bat Edition
Montecarlo,4TbB3Lj1R89e1hOF3Yx8sb,3.28,"<a href=""https://open.spotify.com/track/4TbB3Lj1R89e1hOF3Yx8sb"" target=""_blank"">https://open.spotify.com/track/4TbB3Lj1R89e1hOF3Yx8sb</a>",4TbB3Lj1R89e1hOF3Yx8sb,Supereroe Bat Edition
La mia malattia,40zlOHTyzTrXYdISfMU7X4,3.0,"<a href=""https://open.spotify.com/track/40zlOHTyzTrXYdISfMU7X4"" target=""_blank"">https://open.spotify.com/track/40zlOHTyzTrXYdISfMU7X4</a>",40zlOHTyzTrXYdISfMU7X4,Supereroe Bat Edition
Open Water,3jvrh4fxGq2N5Vfup80GF6,3.09,"<a href=""https://open.spotify.com/track/3jvrh4fxGq2N5Vfup80GF6"" target=""_blank"">https://open.spotify.com/track/3jvrh4fxGq2N5Vfup80GF6</a>",3jvrh4fxGq2N5Vfup80GF6,Supereroe Bat Edition
Fuoco e benzina,6tFqZrn8juKP7mjHsHi6Kx,3.49,"<a href=""https://open.spotify.com/track/6tFqZrn8juKP7mjHsHi6Kx"" target=""_blank"">https://open.spotify.com/track/6tFqZrn8juKP7mjHsHi6Kx</a>",6tFqZrn8juKP7mjHsHi6Kx,Supereroe Bat Edition
Cocaina,0IIAO3A7VGjt3H76Y5JuiQ,3.48,"<a href=""https://open.spotify.com/track/0IIAO3A7VGjt3H76Y5JuiQ"" target=""_blank"">https://open.spotify.com/track/0IIAO3A7VGjt3H76Y5JuiQ</a>",0IIAO3A7VGjt3H76Y5JuiQ,Supereroe Bat Edition
Donald Trump,53hFKKF9nj8x42N4zvCIaV,2.81,"<a href=""https://open.spotify.com/track/53hFKKF9nj8x42N4zvCIaV"" target=""_blank"">https://open.spotify.com/track/53hFKKF9nj8x42N4zvCIaV</a>",53hFKKF9nj8x42N4zvCIaV,Supereroe Bat Edition
Rollercoaster,3ivsN7ywKXoIvbpr6dINsq,3.46,"<a href=""https://open.spotify.com/track/3ivsN7ywKXoIvbpr6dINsq"" target=""_blank"">https://open.spotify.com/track/3ivsN7ywKXoIvbpr6dINsq</a>",3ivsN7ywKXoIvbpr6dINsq,Supereroe Bat Edition
Senza cuore & senza nome,7CSzO105but5zsxPjPPofL,2.91,"<a href=""https://open.spotify.com/track/7CSzO105but5zsxPjPPofL"" target=""_blank"">https://open.spotify.com/track/7CSzO105but5zsxPjPPofL</a>",7CSzO105but5zsxPjPPofL,Supereroe Bat Edition
Claro,58zZbpjzHkdChIAMrJoq9i,3.73,"<a href=""https://open.spotify.com/track/58zZbpjzHkdChIAMrJoq9i"" target=""_blank"">https://open.spotify.com/track/58zZbpjzHkdChIAMrJoq9i</a>",58zZbpjzHkdChIAMrJoq9i,Supereroe Bat Edition
Quella foto di noi due,1kWkHzfaazJZgaL16WkfS5,3.25,"<a href=""https://open.spotify.com/track/1kWkHzfaazJZgaL16WkfS5"" target=""_blank"">https://open.spotify.com/track/1kWkHzfaazJZgaL16WkfS5</a>",1kWkHzfaazJZgaL16WkfS5,Supereroe Bat Edition
Adios,7LQSIPEXiCb1ynoOzujuvQ,3.21,"<a href=""https://open.spotify.com/track/7LQSIPEXiCb1ynoOzujuvQ"" target=""_blank"">https://open.spotify.com/track/7LQSIPEXiCb1ynoOzujuvQ</a>",7LQSIPEXiCb1ynoOzujuvQ,Supereroe Bat Edition
Supereroe,0xghy9vnE4K1q34WfhfmXP,3.77,"<a href=""https://open.spotify.com/track/0xghy9vnE4K1q34WfhfmXP"" target=""_blank"">https://open.spotify.com/track/0xghy9vnE4K1q34WfhfmXP</a>",0xghy9vnE4K1q34WfhfmXP,Supereroe Bat Edition
Dope 2,05WoO4LmgR9PXGL9EpFb1a,2.86,"<a href=""https://open.spotify.com/track/05WoO4LmgR9PXGL9EpFb1a"" target=""_blank"">https://open.spotify.com/track/05WoO4LmgR9PXGL9EpFb1a</a>",05WoO4LmgR9PXGL9EpFb1a,Supereroe Bat Edition
Come fossimo cowboy,1cgtLiezsB2FdcfL79MJ1k,3.25,"<a href=""https://open.spotify.com/track/1cgtLiezsB2FdcfL79MJ1k"" target=""_blank"">https://open.spotify.com/track/1cgtLiezsB2FdcfL79MJ1k</a>",1cgtLiezsB2FdcfL79MJ1k,Supereroe Bat Edition
Mille strade,1LR4QF635P1eosTFIBduij,3.53,"<a href=""https://open.spotify.com/track/1LR4QF635P1eosTFIBduij"" target=""_blank"">https://open.spotify.com/track/1LR4QF635P1eosTFIBduij</a>",1LR4QF635P1eosTFIBduij,Supereroe Bat Edition
Open Water,3kGxtPDusqTr6r2N5k25t1,3.09,"<a href=""https://open.spotify.com/track/3kGxtPDusqTr6r2N5k25t1"" target=""_blank"">https://open.spotify.com/track/3kGxtPDusqTr6r2N5k25t1</a>",3kGxtPDusqTr6r2N5k25t1,Supereroe
Fuoco e benzina,4Fs1sEg9Mwn6vykFD89xvc,3.49,"<a href=""https://open.spotify.com/track/4Fs1sEg9Mwn6vykFD89xvc"" target=""_blank"">https://open.spotify.com/track/4Fs1sEg9Mwn6vykFD89xvc</a>",4Fs1sEg9Mwn6vykFD89xvc,Supereroe
Cocaina,3LuuuNvULPU1GOfSg0HG62,3.48,"<a href=""https://open.spotify.com/track/3LuuuNvULPU1GOfSg0HG62"" target=""_blank"">https://open.spotify.com/track/3LuuuNvULPU1GOfSg0HG62</a>",3LuuuNvULPU1GOfSg0HG62,Supereroe
Donald Trump,2lDI8OOVE5UgLiNP6AVCzF,2.81,"<a href=""https://open.spotify.com/track/2lDI8OOVE5UgLiNP6AVCzF"" target=""_blank"">https://open.spotify.com/track/2lDI8OOVE5UgLiNP6AVCzF</a>",2lDI8OOVE5UgLiNP6AVCzF,Supereroe
Rollercoaster,4WJj8NsyCm3YAADCOe0hrf,3.46,"<a href=""https://open.spotify.com/track/4WJj8NsyCm3YAADCOe0hrf"" target=""_blank"">https://open.spotify.com/track/4WJj8NsyCm3YAADCOe0hrf</a>",4WJj8NsyCm3YAADCOe0hrf,Supereroe
Senza cuore & senza nome,5Q8rYh7lFHzzdSzJdy4oTF,2.91,"<a href=""https://open.spotify.com/track/5Q8rYh7lFHzzdSzJdy4oTF"" target=""_blank"">https://open.spotify.com/track/5Q8rYh7lFHzzdSzJdy4oTF</a>",5Q8rYh7lFHzzdSzJdy4oTF,Supereroe
Claro,6W2f9IsLo8nLFw301YjrrY,3.73,"<a href=""https://open.spotify.com/track/6W2f9IsLo8nLFw301YjrrY"" target=""_blank"">https://open.spotify.com/track/6W2f9IsLo8nLFw301YjrrY</a>",6W2f9IsLo8nLFw301YjrrY,Supereroe
Quella foto di noi due,10hc6GvyWhe2E48PAfQrdD,3.25,"<a href=""https://open.spotify.com/track/10hc6GvyWhe2E48PAfQrdD"" target=""_blank"">https://open.spotify.com/track/10hc6GvyWhe2E48PAfQrdD</a>",10hc6GvyWhe2E48PAfQrdD,Supereroe
Adios,0s4jZrI4JfgFqf637JqBZA,3.21,"<a href=""https://open.spotify.com/track/0s4jZrI4JfgFqf637JqBZA"" target=""_blank"">https://open.spotify.com/track/0s4jZrI4JfgFqf637JqBZA</a>",0s4jZrI4JfgFqf637JqBZA,Supereroe
Supereroe,7uRwfVTXZRSOEpruUyXWMb,3.77,"<a href=""https://open.spotify.com/track/7uRwfVTXZRSOEpruUyXWMb"" target=""_blank"">https://open.spotify.com/track/7uRwfVTXZRSOEpruUyXWMb</a>",7uRwfVTXZRSOEpruUyXWMb,Supereroe
Dope 2,4AsvicHWhsUfzPWPiC31cF,2.86,"<a href=""https://open.spotify.com/track/4AsvicHWhsUfzPWPiC31cF"" target=""_blank"">https://open.spotify.com/track/4AsvicHWhsUfzPWPiC31cF</a>",4AsvicHWhsUfzPWPiC31cF,Supereroe
Come fossimo cowboy,54o1G7sQQfdWjLAI4KJ2AW,3.25,"<a href=""https://open.spotify.com/track/54o1G7sQQfdWjLAI4KJ2AW"" target=""_blank"">https://open.spotify.com/track/54o1G7sQQfdWjLAI4KJ2AW</a>",54o1G7sQQfdWjLAI4KJ2AW,Supereroe
Mille strade,15BbP2LwE19MqI2uacrJFx,3.53,"<a href=""https://open.spotify.com/track/15BbP2LwE19MqI2uacrJFx"" target=""_blank"">https://open.spotify.com/track/15BbP2LwE19MqI2uacrJFx</a>",15BbP2LwE19MqI2uacrJFx,Supereroe
Dal basso,43p3mf4ZB1gwa6mKUSUkEP,3.4,"<a href=""https://open.spotify.com/track/43p3mf4ZB1gwa6mKUSUkEP"" target=""_blank"">https://open.spotify.com/track/43p3mf4ZB1gwa6mKUSUkEP</a>",43p3mf4ZB1gwa6mKUSUkEP,Terza Stagione
Non era vero,4Xd6MuMMX41dQbavX4Rq1q,3.81,"<a href=""https://open.spotify.com/track/4Xd6MuMMX41dQbavX4Rq1q"" target=""_blank"">https://open.spotify.com/track/4Xd6MuMMX41dQbavX4Rq1q</a>",4Xd6MuMMX41dQbavX4Rq1q,Terza Stagione
Prima che sia lunedì,6cNtriRBJjOSwEGcd5LUsS,3.13,"<a href=""https://open.spotify.com/track/6cNtriRBJjOSwEGcd5LUsS"" target=""_blank"">https://open.spotify.com/track/6cNtriRBJjOSwEGcd5LUsS</a>",6cNtriRBJjOSwEGcd5LUsS,Terza Stagione
Italian Dream,1ku8M71ukCuw0vmTpsaJqC,2.93,"<a href=""https://open.spotify.com/track/1ku8M71ukCuw0vmTpsaJqC"" target=""_blank"">https://open.spotify.com/track/1ku8M71ukCuw0vmTpsaJqC</a>",1ku8M71ukCuw0vmTpsaJqC,Terza Stagione
Quello di prima,40EFyfU7nJxnTzLY8jNfQR,3.85,"<a href=""https://open.spotify.com/track/40EFyfU7nJxnTzLY8jNfQR"" target=""_blank"">https://open.spotify.com/track/40EFyfU7nJxnTzLY8jNfQR</a>",40EFyfU7nJxnTzLY8jNfQR,Terza Stagione
Parigi (feat. Neffa),5ierkPgrIUtxNuHe5qE1AK,3.17,"<a href=""https://open.spotify.com/track/5ierkPgrIUtxNuHe5qE1AK"" target=""_blank"">https://open.spotify.com/track/5ierkPgrIUtxNuHe5qE1AK</a>",5ierkPgrIUtxNuHe5qE1AK,Terza Stagione
Uno come me,5qscY4wKKTtzoLhxEBvGoi,3.42,"<a href=""https://open.spotify.com/track/5qscY4wKKTtzoLhxEBvGoi"" target=""_blank"">https://open.spotify.com/track/5qscY4wKKTtzoLhxEBvGoi</a>",5qscY4wKKTtzoLhxEBvGoi,Terza Stagione
Non è facile (feat. Jake La Furia),4xpfcZQOk16WVGRLGhFTEc,3.38,"<a href=""https://open.spotify.com/track/4xpfcZQOk16WVGRLGhFTEc"" target=""_blank"">https://open.spotify.com/track/4xpfcZQOk16WVGRLGhFTEc</a>",4xpfcZQOk16WVGRLGhFTEc,Terza Stagione
Jack,3CBkGr9XwKJ5nsI4VvNcup,3.77,"<a href=""https://open.spotify.com/track/3CBkGr9XwKJ5nsI4VvNcup"" target=""_blank"">https://open.spotify.com/track/3CBkGr9XwKJ5nsI4VvNcup</a>",3CBkGr9XwKJ5nsI4VvNcup,Terza Stagione
All'alba delle 6:00 (feat. Coez),4IAIe2ehYOp4TaCbSARv7t,3.65,"<a href=""https://open.spotify.com/track/4IAIe2ehYOp4TaCbSARv7t"" target=""_blank"">https://open.spotify.com/track/4IAIe2ehYOp4TaCbSARv7t</a>",4IAIe2ehYOp4TaCbSARv7t,Terza Stagione
Sopravvissuto (feat. Fabri Fibra),3R2odoWzAQDgA9nwfXigzV,3.2,"<a href=""https://open.spotify.com/track/3R2odoWzAQDgA9nwfXigzV"" target=""_blank"">https://open.spotify.com/track/3R2odoWzAQDgA9nwfXigzV</a>",3R2odoWzAQDgA9nwfXigzV,Terza Stagione
Su di lei,0lCDOuPx9wwTtF7dLovqNk,3.88,"<a href=""https://open.spotify.com/track/0lCDOuPx9wwTtF7dLovqNk"" target=""_blank"">https://open.spotify.com/track/0lCDOuPx9wwTtF7dLovqNk</a>",0lCDOuPx9wwTtF7dLovqNk,Terza Stagione
CULT,2nOoviDQk284lepBFFQv7r,3.78,"<a href=""https://open.spotify.com/track/2nOoviDQk284lepBFFQv7r"" target=""_blank"">https://open.spotify.com/track/2nOoviDQk284lepBFFQv7r</a>",2nOoviDQk284lepBFFQv7r,Terza Stagione
3 messaggi in segreteria,75l1pp3XhKoc1UNMVLpJUG,3.45,"<a href=""https://open.spotify.com/track/75l1pp3XhKoc1UNMVLpJUG"" target=""_blank"">https://open.spotify.com/track/75l1pp3XhKoc1UNMVLpJUG</a>",75l1pp3XhKoc1UNMVLpJUG,Terza Stagione
Buonanotte (feat. Maruego) [Scratch by Telaviv],68pDfyeKOAV9ZchmwP2csr,3.81,"<a href=""https://open.spotify.com/track/68pDfyeKOAV9ZchmwP2csr"" target=""_blank"">https://open.spotify.com/track/68pDfyeKOAV9ZchmwP2csr</a>",68pDfyeKOAV9ZchmwP2csr,Terza Stagione
Vecchia maniera (feat. Giso e Jamil),3Lq5zePX18556GZYC7qhNe,4.59,"<a href=""https://open.spotify.com/track/3Lq5zePX18556GZYC7qhNe"" target=""_blank"">https://open.spotify.com/track/3Lq5zePX18556GZYC7qhNe</a>",3Lq5zePX18556GZYC7qhNe,Terza Stagione
Vestiti sporchi (Scratch by 2P),0RMQ4ubWp2GlGE3Pi8ZPbs,3.42,"<a href=""https://open.spotify.com/track/0RMQ4ubWp2GlGE3Pi8ZPbs"" target=""_blank"">https://open.spotify.com/track/0RMQ4ubWp2GlGE3Pi8ZPbs</a>",0RMQ4ubWp2GlGE3Pi8ZPbs,Terza Stagione
Lo sanno i veri (intro) - prod. by Davide Ice (feat. Dj Telaviv),3pemEexg3TxbDm6wCByvFC,2.19,"<a href=""https://open.spotify.com/track/3pemEexg3TxbDm6wCByvFC"" target=""_blank"">https://open.spotify.com/track/3pemEexg3TxbDm6wCByvFC</a>",3pemEexg3TxbDm6wCByvFC,Keta Music - Volume 2
C'era una volta - prod. by Big Joe,1P5uBYw3NpYFuoPQeTswst,2.46,"<a href=""https://open.spotify.com/track/1P5uBYw3NpYFuoPQeTswst"" target=""_blank"">https://open.spotify.com/track/1P5uBYw3NpYFuoPQeTswst</a>",1P5uBYw3NpYFuoPQeTswst,Keta Music - Volume 2
Superman - prod. by Zef (feat. Guè),2wFhYRBc8JzVkRv8c01zU4,3.16,"<a href=""https://open.spotify.com/track/2wFhYRBc8JzVkRv8c01zU4"" target=""_blank"">https://open.spotify.com/track/2wFhYRBc8JzVkRv8c01zU4</a>",2wFhYRBc8JzVkRv8c01zU4,Keta Music - Volume 2
"13 anni - prod. by Don Joe (feat. Bassi Maestro, Giso e Clark P.)",3JcHbkGwXDoZtoT743gGtn,3.21,"<a href=""https://open.spotify.com/track/3JcHbkGwXDoZtoT743gGtn"" target=""_blank"">https://open.spotify.com/track/3JcHbkGwXDoZtoT743gGtn</a>",3JcHbkGwXDoZtoT743gGtn,Keta Music - Volume 2
B.Rex Bestie - prod. by Sick Luke (feat. Lazza),1uOBgCSyFH0DFa4r5tDZhn,3.6,"<a href=""https://open.spotify.com/track/1uOBgCSyFH0DFa4r5tDZhn"" target=""_blank"">https://open.spotify.com/track/1uOBgCSyFH0DFa4r5tDZhn</a>",1uOBgCSyFH0DFa4r5tDZhn,Keta Music - Volume 2
Racai status - prod. by Mondo Marcio (feat. Vacca e Jamil),1GZb1rdyPeH9ma2aYxHZYh,3.25,"<a href=""https://open.spotify.com/track/1GZb1rdyPeH9ma2aYxHZYh"" target=""_blank"">https://open.spotify.com/track/1GZb1rdyPeH9ma2aYxHZYh</a>",1GZb1rdyPeH9ma2aYxHZYh,Keta Music - Volume 2
10 comandamenti - prod. by Pk (feat. Gemitaiz & Madman),3dh5jD1jlmUyEDzLMYhvYY,5.05,"<a href=""https://open.spotify.com/track/3dh5jD1jlmUyEDzLMYhvYY"" target=""_blank"">https://open.spotify.com/track/3dh5jD1jlmUyEDzLMYhvYY</a>",3dh5jD1jlmUyEDzLMYhvYY,Keta Music - Volume 2
Champions - prod. by 2nd Roof Music (feat. Clementino),4zNKXU1HM8YtxoslBdAl4I,3.34,"<a href=""https://open.spotify.com/track/4zNKXU1HM8YtxoslBdAl4I"" target=""_blank"">https://open.spotify.com/track/4zNKXU1HM8YtxoslBdAl4I</a>",4zNKXU1HM8YtxoslBdAl4I,Keta Music - Volume 2
Di tutti i colori - prod. by Pk (feat. Jake La Furia),468aNavUHoxQQZXatMXEqS,3.43,"<a href=""https://open.spotify.com/track/468aNavUHoxQQZXatMXEqS"" target=""_blank"">https://open.spotify.com/track/468aNavUHoxQQZXatMXEqS</a>",468aNavUHoxQQZXatMXEqS,Keta Music - Volume 2
Martin Luther King - prod. by Small White (feat. Luchè),4UffiDQcLsky7mQan14i5a,4.22,"<a href=""https://open.spotify.com/track/4UffiDQcLsky7mQan14i5a"" target=""_blank"">https://open.spotify.com/track/4UffiDQcLsky7mQan14i5a</a>",4UffiDQcLsky7mQan14i5a,Keta Music - Volume 2
Bella idea - prod. by Zef (feat. Lazza),6c1db1UvoUKcl2NPPwbKV2,3.47,"<a href=""https://open.spotify.com/track/6c1db1UvoUKcl2NPPwbKV2"" target=""_blank"">https://open.spotify.com/track/6c1db1UvoUKcl2NPPwbKV2</a>",6c1db1UvoUKcl2NPPwbKV2,Keta Music - Volume 2
Casinò - prod. by 2nd Roof Music (feat. Maruego),4VDD3F54TlvXwNIEsGaCGT,3.65,"<a href=""https://open.spotify.com/track/4VDD3F54TlvXwNIEsGaCGT"" target=""_blank"">https://open.spotify.com/track/4VDD3F54TlvXwNIEsGaCGT</a>",4VDD3F54TlvXwNIEsGaCGT,Keta Music - Volume 2
Colpo di fulmine (outro) - prod. by Fritz Da Cat,1lVSYZ9zS18ZTTSSb6NHKn,2.33,"<a href=""https://open.spotify.com/track/1lVSYZ9zS18ZTTSSb6NHKn"" target=""_blank"">https://open.spotify.com/track/1lVSYZ9zS18ZTTSSb6NHKn</a>",1lVSYZ9zS18ZTTSSb6NHKn,Keta Music - Volume 2
Wow,4Jw2t7cqDw4P8nyNWX9qTQ,3.11,"<a href=""https://open.spotify.com/track/4Jw2t7cqDw4P8nyNWX9qTQ"" target=""_blank"">https://open.spotify.com/track/4Jw2t7cqDw4P8nyNWX9qTQ</a>",4Jw2t7cqDw4P8nyNWX9qTQ,Mercurio - 5 Stars Edition
Scordarmi chi ero,1tSyVmAMDWj0O1gyJW5R4i,3.87,"<a href=""https://open.spotify.com/track/1tSyVmAMDWj0O1gyJW5R4i"" target=""_blank"">https://open.spotify.com/track/1tSyVmAMDWj0O1gyJW5R4i</a>",1tSyVmAMDWj0O1gyJW5R4i,Mercurio - 5 Stars Edition
MB45,0a6mrdZonQle01mk5Jk0u0,3.08,"<a href=""https://open.spotify.com/track/0a6mrdZonQle01mk5Jk0u0"" target=""_blank"">https://open.spotify.com/track/0a6mrdZonQle01mk5Jk0u0</a>",0a6mrdZonQle01mk5Jk0u0,Mercurio - 5 Stars Edition
Lettera dall'inferno,6UuFZEdhqDDTOs4tnMqWH9,3.84,"<a href=""https://open.spotify.com/track/6UuFZEdhqDDTOs4tnMqWH9"" target=""_blank"">https://open.spotify.com/track/6UuFZEdhqDDTOs4tnMqWH9</a>",6UuFZEdhqDDTOs4tnMqWH9,Mercurio - 5 Stars Edition
A cena dai tuoi (feat. J-Ax),612M2yQHBx5F0dpPHMJziU,3.63,"<a href=""https://open.spotify.com/track/612M2yQHBx5F0dpPHMJziU"" target=""_blank"">https://open.spotify.com/track/612M2yQHBx5F0dpPHMJziU</a>",612M2yQHBx5F0dpPHMJziU,Mercurio - 5 Stars Edition
Soli (Assieme),5czra6pQvFWrpXohzb3xHy,3.43,"<a href=""https://open.spotify.com/track/5czra6pQvFWrpXohzb3xHy"" target=""_blank"">https://open.spotify.com/track/5czra6pQvFWrpXohzb3xHy</a>",5czra6pQvFWrpXohzb3xHy,Mercurio - 5 Stars Edition
Essere umano (feat. Skin),5jDGPHT4wVCzJAJNOalzSA,3.5,"<a href=""https://open.spotify.com/track/5jDGPHT4wVCzJAJNOalzSA"" target=""_blank"">https://open.spotify.com/track/5jDGPHT4wVCzJAJNOalzSA</a>",5jDGPHT4wVCzJAJNOalzSA,Mercurio - 5 Stars Edition
Blocco boyz (feat. Giso & Duellz),3N8X4GkfL1X7uDbTMJBkhE,4.91,"<a href=""https://open.spotify.com/track/3N8X4GkfL1X7uDbTMJBkhE"" target=""_blank"">https://open.spotify.com/track/3N8X4GkfL1X7uDbTMJBkhE</a>",3N8X4GkfL1X7uDbTMJBkhE,Mercurio - 5 Stars Edition
Va bene,2xOBSIMFPjHtSZ9Z8CXaP8,3.0,"<a href=""https://open.spotify.com/track/2xOBSIMFPjHtSZ9Z8CXaP8"" target=""_blank"">https://open.spotify.com/track/2xOBSIMFPjHtSZ9Z8CXaP8</a>",2xOBSIMFPjHtSZ9Z8CXaP8,Mercurio - 5 Stars Edition
Gli stessi di sempre,0FP3j9rfwfp2EY1gfZtc8H,3.43,"<a href=""https://open.spotify.com/track/0FP3j9rfwfp2EY1gfZtc8H"" target=""_blank"">https://open.spotify.com/track/0FP3j9rfwfp2EY1gfZtc8H</a>",0FP3j9rfwfp2EY1gfZtc8H,Mercurio - 5 Stars Edition
Straight Rydah,1wI8QOrsTcd2fBFeVl9lFU,3.66,"<a href=""https://open.spotify.com/track/1wI8QOrsTcd2fBFeVl9lFU"" target=""_blank"">https://open.spotify.com/track/1wI8QOrsTcd2fBFeVl9lFU</a>",1wI8QOrsTcd2fBFeVl9lFU,Mercurio - 5 Stars Edition
Fratelli a metà,5V8C74xrjnfPbHFXMqGSn8,3.63,"<a href=""https://open.spotify.com/track/5V8C74xrjnfPbHFXMqGSn8"" target=""_blank"">https://open.spotify.com/track/5V8C74xrjnfPbHFXMqGSn8</a>",5V8C74xrjnfPbHFXMqGSn8,Mercurio - 5 Stars Edition
Vietnam flow (feat. Salmo),7gXY6MPu30tIDKlTnolEFE,3.72,"<a href=""https://open.spotify.com/track/7gXY6MPu30tIDKlTnolEFE"" target=""_blank"">https://open.spotify.com/track/7gXY6MPu30tIDKlTnolEFE</a>",7gXY6MPu30tIDKlTnolEFE,Mercurio - 5 Stars Edition
La testa vuota (feat. Max Pezzali),0vKb1YRpUDS6h9oUXmtEIH,4.31,"<a href=""https://open.spotify.com/track/0vKb1YRpUDS6h9oUXmtEIH"" target=""_blank"">https://open.spotify.com/track/0vKb1YRpUDS6h9oUXmtEIH</a>",0vKb1YRpUDS6h9oUXmtEIH,Mercurio - 5 Stars Edition
Mercurio,3bB8EUEbfFiIa6RyaYZeMt,3.72,"<a href=""https://open.spotify.com/track/3bB8EUEbfFiIa6RyaYZeMt"" target=""_blank"">https://open.spotify.com/track/3bB8EUEbfFiIa6RyaYZeMt</a>",3bB8EUEbfFiIa6RyaYZeMt,Mercurio - 5 Stars Edition
Maracanã,2ZvUVfOeB4BzlUmGDBCjH6,3.59,"<a href=""https://open.spotify.com/track/2ZvUVfOeB4BzlUmGDBCjH6"" target=""_blank"">https://open.spotify.com/track/2ZvUVfOeB4BzlUmGDBCjH6</a>",2ZvUVfOeB4BzlUmGDBCjH6,Mercurio - 5 Stars Edition
Balla col diavolo,2oG7RkDdF3KkkFtv8QYKBg,3.85,"<a href=""https://open.spotify.com/track/2oG7RkDdF3KkkFtv8QYKBg"" target=""_blank"">https://open.spotify.com/track/2oG7RkDdF3KkkFtv8QYKBg</a>",2oG7RkDdF3KkkFtv8QYKBg,Mercurio - 5 Stars Edition
Brutta,7yak1Xyg7OXTE17sSZrNcx,3.73,"<a href=""https://open.spotify.com/track/7yak1Xyg7OXTE17sSZrNcx"" target=""_blank"">https://open.spotify.com/track/7yak1Xyg7OXTE17sSZrNcx</a>",7yak1Xyg7OXTE17sSZrNcx,Mercurio - 5 Stars Edition
Se penso al rap,0KDRTAahps7zDvXAfkguWl,3.42,"<a href=""https://open.spotify.com/track/0KDRTAahps7zDvXAfkguWl"" target=""_blank"">https://open.spotify.com/track/0KDRTAahps7zDvXAfkguWl</a>",0KDRTAahps7zDvXAfkguWl,Mercurio - 5 Stars Edition
Wow,3k1XsBNQkTOoSQL4PqBaTq,3.11,"<a href=""https://open.spotify.com/track/3k1XsBNQkTOoSQL4PqBaTq"" target=""_blank"">https://open.spotify.com/track/3k1XsBNQkTOoSQL4PqBaTq</a>",3k1XsBNQkTOoSQL4PqBaTq,Mercurio
Scordarmi chi ero,52m9Ih4XsVJ5iqiw2DC19Q,3.87,"<a href=""https://open.spotify.com/track/52m9Ih4XsVJ5iqiw2DC19Q"" target=""_blank"">https://open.spotify.com/track/52m9Ih4XsVJ5iqiw2DC19Q</a>",52m9Ih4XsVJ5iqiw2DC19Q,Mercurio
MB45,72KVucBcpULunYeqfQiG5l,3.08,"<a href=""https://open.spotify.com/track/72KVucBcpULunYeqfQiG5l"" target=""_blank"">https://open.spotify.com/track/72KVucBcpULunYeqfQiG5l</a>",72KVucBcpULunYeqfQiG5l,Mercurio
Lettera dall'inferno,5OGUC0kmwtwOCNyleph9e6,3.84,"<a href=""https://open.spotify.com/track/5OGUC0kmwtwOCNyleph9e6"" target=""_blank"">https://open.spotify.com/track/5OGUC0kmwtwOCNyleph9e6</a>",5OGUC0kmwtwOCNyleph9e6,Mercurio
A cena dai tuoi (feat. J-Ax),4OTNvEGYlDdrYDLMDdUoDZ,3.63,"<a href=""https://open.spotify.com/track/4OTNvEGYlDdrYDLMDdUoDZ"" target=""_blank"">https://open.spotify.com/track/4OTNvEGYlDdrYDLMDdUoDZ</a>",4OTNvEGYlDdrYDLMDdUoDZ,Mercurio
Soli (Assieme),2opjdnFzcgsp5wt8IYj8oN,3.43,"<a href=""https://open.spotify.com/track/2opjdnFzcgsp5wt8IYj8oN"" target=""_blank"">https://open.spotify.com/track/2opjdnFzcgsp5wt8IYj8oN</a>",2opjdnFzcgsp5wt8IYj8oN,Mercurio
Essere umano (feat. Skin),1Ny5ueaJ7MMstV31eVqQoC,3.5,"<a href=""https://open.spotify.com/track/1Ny5ueaJ7MMstV31eVqQoC"" target=""_blank"">https://open.spotify.com/track/1Ny5ueaJ7MMstV31eVqQoC</a>",1Ny5ueaJ7MMstV31eVqQoC,Mercurio
Blocco boyz (feat. Giso & Duellz),6Iipef4OJI8zrfzNmskLaE,4.91,"<a href=""https://open.spotify.com/track/6Iipef4OJI8zrfzNmskLaE"" target=""_blank"">https://open.spotify.com/track/6Iipef4OJI8zrfzNmskLaE</a>",6Iipef4OJI8zrfzNmskLaE,Mercurio
Va bene,5bKCeOPypbayc6hVI7VvFg,3.0,"<a href=""https://open.spotify.com/track/5bKCeOPypbayc6hVI7VvFg"" target=""_blank"">https://open.spotify.com/track/5bKCeOPypbayc6hVI7VvFg</a>",5bKCeOPypbayc6hVI7VvFg,Mercurio
Gli stessi di sempre,7J1sh5xZYljC5xUC7szmbY,3.43,"<a href=""https://open.spotify.com/track/7J1sh5xZYljC5xUC7szmbY"" target=""_blank"">https://open.spotify.com/track/7J1sh5xZYljC5xUC7szmbY</a>",7J1sh5xZYljC5xUC7szmbY,Mercurio
Straight Rydah,3p7mCFy2Phg6YSsMdH9Qjg,3.66,"<a href=""https://open.spotify.com/track/3p7mCFy2Phg6YSsMdH9Qjg"" target=""_blank"">https://open.spotify.com/track/3p7mCFy2Phg6YSsMdH9Qjg</a>",3p7mCFy2Phg6YSsMdH9Qjg,Mercurio
Fratelli a meta',4aZu6irt3Yfgi4ZJ2q39KH,3.63,"<a href=""https://open.spotify.com/track/4aZu6irt3Yfgi4ZJ2q39KH"" target=""_blank"">https://open.spotify.com/track/4aZu6irt3Yfgi4ZJ2q39KH</a>",4aZu6irt3Yfgi4ZJ2q39KH,Mercurio
Vietnam flow (feat. Salmo),1a0yjAa8RfFOlujaSKuO7O,3.72,"<a href=""https://open.spotify.com/track/1a0yjAa8RfFOlujaSKuO7O"" target=""_blank"">https://open.spotify.com/track/1a0yjAa8RfFOlujaSKuO7O</a>",1a0yjAa8RfFOlujaSKuO7O,Mercurio
La testa vuota (feat. Max Pezzali),68Y0EHvWxxj601klBltTOX,4.31,"<a href=""https://open.spotify.com/track/68Y0EHvWxxj601klBltTOX"" target=""_blank"">https://open.spotify.com/track/68Y0EHvWxxj601klBltTOX</a>",68Y0EHvWxxj601klBltTOX,Mercurio
Mercurio,6wN8Rd5xMEjUqZp0Qy0c6y,3.72,"<a href=""https://open.spotify.com/track/6wN8Rd5xMEjUqZp0Qy0c6y"" target=""_blank"">https://open.spotify.com/track/6wN8Rd5xMEjUqZp0Qy0c6y</a>",6wN8Rd5xMEjUqZp0Qy0c6y,Mercurio
Lettera dall'inferno - Bonus Track,3nOuTvKpv2ptpf9XBtkhuM,3.36,"<a href=""https://open.spotify.com/track/3nOuTvKpv2ptpf9XBtkhuM"" target=""_blank"">https://open.spotify.com/track/3nOuTvKpv2ptpf9XBtkhuM</a>",3nOuTvKpv2ptpf9XBtkhuM,Mercurio
Sulla luna (intro),3EyBna0vmxE1T5K3xfWbMk,2.13,"<a href=""https://open.spotify.com/track/3EyBna0vmxE1T5K3xfWbMk"" target=""_blank"">https://open.spotify.com/track/3EyBna0vmxE1T5K3xfWbMk</a>",3EyBna0vmxE1T5K3xfWbMk,L'erba cattiva (Gold Edition)
Cashwoman,7JBbvy0cHfQxApEwDxTOjz,2.89,"<a href=""https://open.spotify.com/track/7JBbvy0cHfQxApEwDxTOjz"" target=""_blank"">https://open.spotify.com/track/7JBbvy0cHfQxApEwDxTOjz</a>",7JBbvy0cHfQxApEwDxTOjz,L'erba cattiva (Gold Edition)
Parole di ghiaccio,5crrldk7i32Sa80pSJMpnr,3.86,"<a href=""https://open.spotify.com/track/5crrldk7i32Sa80pSJMpnr"" target=""_blank"">https://open.spotify.com/track/5crrldk7i32Sa80pSJMpnr</a>",5crrldk7i32Sa80pSJMpnr,L'erba cattiva (Gold Edition)
Dietro front (feat. Fabri Fibra),57wlrApQqGNizSqbyVBovH,3.16,"<a href=""https://open.spotify.com/track/57wlrApQqGNizSqbyVBovH"" target=""_blank"">https://open.spotify.com/track/57wlrApQqGNizSqbyVBovH</a>",57wlrApQqGNizSqbyVBovH,L'erba cattiva (Gold Edition)
Come un pitbull,4R2W0NjzcIw2w1HEnAkPz7,3.68,"<a href=""https://open.spotify.com/track/4R2W0NjzcIw2w1HEnAkPz7"" target=""_blank"">https://open.spotify.com/track/4R2W0NjzcIw2w1HEnAkPz7</a>",4R2W0NjzcIw2w1HEnAkPz7,L'erba cattiva (Gold Edition)
Ognuno per sè (feat. Gue Pequeno),3ixEjMTyx9QImE3cOGTCQb,3.24,"<a href=""https://open.spotify.com/track/3ixEjMTyx9QImE3cOGTCQb"" target=""_blank"">https://open.spotify.com/track/3ixEjMTyx9QImE3cOGTCQb</a>",3ixEjMTyx9QImE3cOGTCQb,L'erba cattiva (Gold Edition)
L'erba cattiva,2FFVv3T5IRZP06E4yYUaH3,3.92,"<a href=""https://open.spotify.com/track/2FFVv3T5IRZP06E4yYUaH3"" target=""_blank"">https://open.spotify.com/track/2FFVv3T5IRZP06E4yYUaH3</a>",2FFVv3T5IRZP06E4yYUaH3,L'erba cattiva (Gold Edition)
Cocktailz (feat. G. Soave & Duellz),3u74rpOz5lQd09w6eYYz1z,3.56,"<a href=""https://open.spotify.com/track/3u74rpOz5lQd09w6eYYz1z"" target=""_blank"">https://open.spotify.com/track/3u74rpOz5lQd09w6eYYz1z</a>",3u74rpOz5lQd09w6eYYz1z,L'erba cattiva (Gold Edition)
Nice pic,55liUFGC5yCLZuh3EWrus1,3.16,"<a href=""https://open.spotify.com/track/55liUFGC5yCLZuh3EWrus1"" target=""_blank"">https://open.spotify.com/track/55liUFGC5yCLZuh3EWrus1</a>",55liUFGC5yCLZuh3EWrus1,L'erba cattiva (Gold Edition)
Nei guai (feat. Tormento),42V7TtmjgKb8iYkFXB9Dcy,3.24,"<a href=""https://open.spotify.com/track/42V7TtmjgKb8iYkFXB9Dcy"" target=""_blank"">https://open.spotify.com/track/42V7TtmjgKb8iYkFXB9Dcy</a>",42V7TtmjgKb8iYkFXB9Dcy,L'erba cattiva (Gold Edition)
Giusto o sbagliato,3LG8xSr2qcpgCFUyBvzlAG,3.26,"<a href=""https://open.spotify.com/track/3LG8xSr2qcpgCFUyBvzlAG"" target=""_blank"">https://open.spotify.com/track/3LG8xSr2qcpgCFUyBvzlAG</a>",3LG8xSr2qcpgCFUyBvzlAG,L'erba cattiva (Gold Edition)
Il mondo dei grandi (feat. Marracash),3Xov8beGZ1dj2xLUUv93Cg,3.85,"<a href=""https://open.spotify.com/track/3Xov8beGZ1dj2xLUUv93Cg"" target=""_blank"">https://open.spotify.com/track/3Xov8beGZ1dj2xLUUv93Cg</a>",3Xov8beGZ1dj2xLUUv93Cg,L'erba cattiva (Gold Edition)
Tutto quello che ho (feat. Fabio De Martino),6tTivCNJVhxoJTh0sMfLRq,4.64,"<a href=""https://open.spotify.com/track/6tTivCNJVhxoJTh0sMfLRq"" target=""_blank"">https://open.spotify.com/track/6tTivCNJVhxoJTh0sMfLRq</a>",6tTivCNJVhxoJTh0sMfLRq,L'erba cattiva (Gold Edition)
È meglio così,5BikUwuGOwKJnRf04wELl1,3.55,"<a href=""https://open.spotify.com/track/5BikUwuGOwKJnRf04wELl1"" target=""_blank"">https://open.spotify.com/track/5BikUwuGOwKJnRf04wELl1</a>",5BikUwuGOwKJnRf04wELl1,L'erba cattiva (Gold Edition)
Chissà se,08KvlRkorqaPij4wKRGtw6,3.54,"<a href=""https://open.spotify.com/track/08KvlRkorqaPij4wKRGtw6"" target=""_blank"">https://open.spotify.com/track/08KvlRkorqaPij4wKRGtw6</a>",08KvlRkorqaPij4wKRGtw6,L'erba cattiva (Gold Edition)
Il king,7EMF2NHd2L4JFVqEbykzkz,2.94,"<a href=""https://open.spotify.com/track/7EMF2NHd2L4JFVqEbykzkz"" target=""_blank"">https://open.spotify.com/track/7EMF2NHd2L4JFVqEbykzkz</a>",7EMF2NHd2L4JFVqEbykzkz,L'erba cattiva (Gold Edition)
Più rispetto (feat. Bassi Maestro),4tDoPTaDmaBtMQxZs7Lg1v,3.42,"<a href=""https://open.spotify.com/track/4tDoPTaDmaBtMQxZs7Lg1v"" target=""_blank"">https://open.spotify.com/track/4tDoPTaDmaBtMQxZs7Lg1v</a>",4tDoPTaDmaBtMQxZs7Lg1v,L'erba cattiva (Gold Edition)
Sulla luna (intro),1buww5F981MQVXAGxmstqi,2.13,"<a href=""https://open.spotify.com/track/1buww5F981MQVXAGxmstqi"" target=""_blank"">https://open.spotify.com/track/1buww5F981MQVXAGxmstqi</a>",1buww5F981MQVXAGxmstqi,L'erba cattiva
Cashwoman,1FldPvjgo0awW4iqE7LeD6,2.89,"<a href=""https://open.spotify.com/track/1FldPvjgo0awW4iqE7LeD6"" target=""_blank"">https://open.spotify.com/track/1FldPvjgo0awW4iqE7LeD6</a>",1FldPvjgo0awW4iqE7LeD6,L'erba cattiva
Parole di ghiaccio,1mItEeAlTepKfWUOpu8h6b,3.86,"<a href=""https://open.spotify.com/track/1mItEeAlTepKfWUOpu8h6b"" target=""_blank"">https://open.spotify.com/track/1mItEeAlTepKfWUOpu8h6b</a>",1mItEeAlTepKfWUOpu8h6b,L'erba cattiva
Dietro front (feat. Fabri Fibra),0fK885Y1i3Gcji2aSjXgxi,3.16,"<a href=""https://open.spotify.com/track/0fK885Y1i3Gcji2aSjXgxi"" target=""_blank"">https://open.spotify.com/track/0fK885Y1i3Gcji2aSjXgxi</a>",0fK885Y1i3Gcji2aSjXgxi,L'erba cattiva
Come un pitbull,4rcYjC1FrBYLaW6WjyqOvs,3.68,"<a href=""https://open.spotify.com/track/4rcYjC1FrBYLaW6WjyqOvs"" target=""_blank"">https://open.spotify.com/track/4rcYjC1FrBYLaW6WjyqOvs</a>",4rcYjC1FrBYLaW6WjyqOvs,L'erba cattiva
Ognuno per sè (feat. Gue Pequeno),6fucaL8AhR6bDZR8azPGVH,3.24,"<a href=""https://open.spotify.com/track/6fucaL8AhR6bDZR8azPGVH"" target=""_blank"">https://open.spotify.com/track/6fucaL8AhR6bDZR8azPGVH</a>",6fucaL8AhR6bDZR8azPGVH,L'erba cattiva
L'erba cattiva,60R99qML47eSlhkW9MiHpC,3.92,"<a href=""https://open.spotify.com/track/60R99qML47eSlhkW9MiHpC"" target=""_blank"">https://open.spotify.com/track/60R99qML47eSlhkW9MiHpC</a>",60R99qML47eSlhkW9MiHpC,L'erba cattiva
Cocktailz (feat. G. Soave & Duellz),1nfffKwF0xRCVxapyd9bNF,3.56,"<a href=""https://open.spotify.com/track/1nfffKwF0xRCVxapyd9bNF"" target=""_blank"">https://open.spotify.com/track/1nfffKwF0xRCVxapyd9bNF</a>",1nfffKwF0xRCVxapyd9bNF,L'erba cattiva
Nice pic,40couONRbDeQUTUjRZ1VGT,3.16,"<a href=""https://open.spotify.com/track/40couONRbDeQUTUjRZ1VGT"" target=""_blank"">https://open.spotify.com/track/40couONRbDeQUTUjRZ1VGT</a>",40couONRbDeQUTUjRZ1VGT,L'erba cattiva
Nei guai (feat. Tormento),7m7gqcqo16kGPItmJLt2Ge,3.24,"<a href=""https://open.spotify.com/track/7m7gqcqo16kGPItmJLt2Ge"" target=""_blank"">https://open.spotify.com/track/7m7gqcqo16kGPItmJLt2Ge</a>",7m7gqcqo16kGPItmJLt2Ge,L'erba cattiva
Giusto o sbagliato,78hSVFuo1Ua2XHwrsq3AN3,3.26,"<a href=""https://open.spotify.com/track/78hSVFuo1Ua2XHwrsq3AN3"" target=""_blank"">https://open.spotify.com/track/78hSVFuo1Ua2XHwrsq3AN3</a>",78hSVFuo1Ua2XHwrsq3AN3,L'erba cattiva
Il mondo dei grandi (feat. Marracash),7Kp4wxNf16wcKXTx6TnS0I,3.85,"<a href=""https://open.spotify.com/track/7Kp4wxNf16wcKXTx6TnS0I"" target=""_blank"">https://open.spotify.com/track/7Kp4wxNf16wcKXTx6TnS0I</a>",7Kp4wxNf16wcKXTx6TnS0I,L'erba cattiva
Tutto quello che ho (feat. Fabio De Martino),5311P7319Q8eYkvREowMSb,4.64,"<a href=""https://open.spotify.com/track/5311P7319Q8eYkvREowMSb"" target=""_blank"">https://open.spotify.com/track/5311P7319Q8eYkvREowMSb</a>",5311P7319Q8eYkvREowMSb,L'erba cattiva
Il peggiore,0RYKRfXaeKN8ZaB0XCpPvl,3.49,"<a href=""https://open.spotify.com/track/0RYKRfXaeKN8ZaB0XCpPvl"" target=""_blank"">https://open.spotify.com/track/0RYKRfXaeKN8ZaB0XCpPvl</a>",0RYKRfXaeKN8ZaB0XCpPvl,L'erba cattiva
Di.Enne.A.,4221BpjBHA2JbTe5kpzaBD,4.3,"<a href=""https://open.spotify.com/track/4221BpjBHA2JbTe5kpzaBD"" target=""_blank"">https://open.spotify.com/track/4221BpjBHA2JbTe5kpzaBD</a>",4221BpjBHA2JbTe5kpzaBD,L'erba cattiva
Il peggiore,7eU8uE8gE6wmfkSndkiwtd,3.49,"<a href=""https://open.spotify.com/track/7eU8uE8gE6wmfkSndkiwtd"" target=""_blank"">https://open.spotify.com/track/7eU8uE8gE6wmfkSndkiwtd</a>",7eU8uE8gE6wmfkSndkiwtd,Il peggiore
Tutti in catene,1EJQwsBex2jgROU2MeRR1r,3.27,"<a href=""https://open.spotify.com/track/1EJQwsBex2jgROU2MeRR1r"" target=""_blank"">https://open.spotify.com/track/1EJQwsBex2jgROU2MeRR1r</a>",1EJQwsBex2jgROU2MeRR1r,Il peggiore
Io sono la moda,31d6MpKiZxzI5qOyQhonip,3.13,"<a href=""https://open.spotify.com/track/31d6MpKiZxzI5qOyQhonip"" target=""_blank"">https://open.spotify.com/track/31d6MpKiZxzI5qOyQhonip</a>",31d6MpKiZxzI5qOyQhonip,Il peggiore
La bara più grande del mondo,5oIqNUjLNhw43IT2kxaPrL,3.71,"<a href=""https://open.spotify.com/track/5oIqNUjLNhw43IT2kxaPrL"" target=""_blank"">https://open.spotify.com/track/5oIqNUjLNhw43IT2kxaPrL</a>",5oIqNUjLNhw43IT2kxaPrL,Il peggiore
Stupefacente,3axwgN6Ed3vk8WqieZxtlf,3.62,"<a href=""https://open.spotify.com/track/3axwgN6Ed3vk8WqieZxtlf"" target=""_blank"">https://open.spotify.com/track/3axwgN6Ed3vk8WqieZxtlf</a>",3axwgN6Ed3vk8WqieZxtlf,Il peggiore
Qualcosa non va,28tnuf0OvuU4QuvEBIhlOa,2.76,"<a href=""https://open.spotify.com/track/28tnuf0OvuU4QuvEBIhlOa"" target=""_blank"">https://open.spotify.com/track/28tnuf0OvuU4QuvEBIhlOa</a>",28tnuf0OvuU4QuvEBIhlOa,Il peggiore
Sexy line,5fJeyRy0kRhWlkGaenxSkz,3.11,"<a href=""https://open.spotify.com/track/5fJeyRy0kRhWlkGaenxSkz"" target=""_blank"">https://open.spotify.com/track/5fJeyRy0kRhWlkGaenxSkz</a>",5fJeyRy0kRhWlkGaenxSkz,Il peggiore
Click clack,5LQUa7pyDW13k6N4ir4Now,2.78,"<a href=""https://open.spotify.com/track/5LQUa7pyDW13k6N4ir4Now"" target=""_blank"">https://open.spotify.com/track/5LQUa7pyDW13k6N4ir4Now</a>",5LQUa7pyDW13k6N4ir4Now,Champagne e spine
K.I.L.L.A.,3j2667Rcualn0KHlu7dHA1,3.37,"<a href=""https://open.spotify.com/track/3j2667Rcualn0KHlu7dHA1"" target=""_blank"">https://open.spotify.com/track/3j2667Rcualn0KHlu7dHA1</a>",3j2667Rcualn0KHlu7dHA1,Champagne e spine
Ho visto,71NjwQutSebp8WDg4VLlgo,2.75,"<a href=""https://open.spotify.com/track/71NjwQutSebp8WDg4VLlgo"" target=""_blank"">https://open.spotify.com/track/71NjwQutSebp8WDg4VLlgo</a>",71NjwQutSebp8WDg4VLlgo,Champagne e spine
Romanzo criminale,0W3XeudDLeZxyssUX4oafA,3.78,"<a href=""https://open.spotify.com/track/0W3XeudDLeZxyssUX4oafA"" target=""_blank"">https://open.spotify.com/track/0W3XeudDLeZxyssUX4oafA</a>",0W3XeudDLeZxyssUX4oafA,Champagne e spine
Capo status,3QWHi6QU3dW4ov6FCx4tXa,2.8,"<a href=""https://open.spotify.com/track/3QWHi6QU3dW4ov6FCx4tXa"" target=""_blank"">https://open.spotify.com/track/3QWHi6QU3dW4ov6FCx4tXa</a>",3QWHi6QU3dW4ov6FCx4tXa,Champagne e spine
Neve e fango,4e1u2SwPhvpYrpLqZLc5U9,2.97,"<a href=""https://open.spotify.com/track/4e1u2SwPhvpYrpLqZLc5U9"" target=""_blank"">https://open.spotify.com/track/4e1u2SwPhvpYrpLqZLc5U9</a>",4e1u2SwPhvpYrpLqZLc5U9,Champagne e spine
I'm the shit,70trzaC4ZvmTHlTSmBpfFt,2.54,"<a href=""https://open.spotify.com/track/70trzaC4ZvmTHlTSmBpfFt"" target=""_blank"">https://open.spotify.com/track/70trzaC4ZvmTHlTSmBpfFt</a>",70trzaC4ZvmTHlTSmBpfFt,Champagne e spine
I 3 tempi,6PgFgApQ3J3i30pujwOwYy,3.75,"<a href=""https://open.spotify.com/track/6PgFgApQ3J3i30pujwOwYy"" target=""_blank"">https://open.spotify.com/track/6PgFgApQ3J3i30pujwOwYy</a>",6PgFgApQ3J3i30pujwOwYy,Champagne e spine
Bla bla,34dr80dLl4si6Jkbwam5JR,3.11,"<a href=""https://open.spotify.com/track/34dr80dLl4si6Jkbwam5JR"" target=""_blank"">https://open.spotify.com/track/34dr80dLl4si6Jkbwam5JR</a>",34dr80dLl4si6Jkbwam5JR,Champagne e spine
Ombre,5CMTjpGOBKFyC96kkxXss3,3.07,"<a href=""https://open.spotify.com/track/5CMTjpGOBKFyC96kkxXss3"" target=""_blank"">https://open.spotify.com/track/5CMTjpGOBKFyC96kkxXss3</a>",5CMTjpGOBKFyC96kkxXss3,Champagne e spine
Grigio,5x9Nxv8Oo8J0YPd4TB6BO0,4.5,"<a href=""https://open.spotify.com/track/5x9Nxv8Oo8J0YPd4TB6BO0"" target=""_blank"">https://open.spotify.com/track/5x9Nxv8Oo8J0YPd4TB6BO0</a>",5x9Nxv8Oo8J0YPd4TB6BO0,Champagne e spine
Apatia,2ZFddsD888mmrhd0hco9S2,3.13,"<a href=""https://open.spotify.com/track/2ZFddsD888mmrhd0hco9S2"" target=""_blank"">https://open.spotify.com/track/2ZFddsD888mmrhd0hco9S2</a>",2ZFddsD888mmrhd0hco9S2,Champagne e spine
Milano male,6mKFZZNI5st7xTjV5ZnInt,2.36,"<a href=""https://open.spotify.com/track/6mKFZZNI5st7xTjV5ZnInt"" target=""_blank"">https://open.spotify.com/track/6mKFZZNI5st7xTjV5ZnInt</a>",6mKFZZNI5st7xTjV5ZnInt,Champagne e spine
Champagne e spine,5sHZPR5A8El4QwWF1F12FC,3.37,"<a href=""https://open.spotify.com/track/5sHZPR5A8El4QwWF1F12FC"" target=""_blank"">https://open.spotify.com/track/5sHZPR5A8El4QwWF1F12FC</a>",5sHZPR5A8El4QwWF1F12FC,Champagne e spine
Conseguenze,0ZXaEbqwmgRsnmDiFAfNB5,2.97,"<a href=""https://open.spotify.com/track/0ZXaEbqwmgRsnmDiFAfNB5"" target=""_blank"">https://open.spotify.com/track/0ZXaEbqwmgRsnmDiFAfNB5</a>",0ZXaEbqwmgRsnmDiFAfNB5,Champagne e spine
Consapevolezza,6InoIABYwvO1DDy71KnZbS,2.82,"<a href=""https://open.spotify.com/track/6InoIABYwvO1DDy71KnZbS"" target=""_blank"">https://open.spotify.com/track/6InoIABYwvO1DDy71KnZbS</a>",6InoIABYwvO1DDy71KnZbS,Champagne e spine
Ciò che perdi,4spZRZr2KAgRrShsQ6baSC,2.1,"<a href=""https://open.spotify.com/track/4spZRZr2KAgRrShsQ6baSC"" target=""_blank"">https://open.spotify.com/track/4spZRZr2KAgRrShsQ6baSC</a>",4spZRZr2KAgRrShsQ6baSC,Champagne e spine
Pum pum pum (Remix),1KWRYWqDw6SBbjC77z2pXB,2.74,"<a href=""https://open.spotify.com/track/1KWRYWqDw6SBbjC77z2pXB"" target=""_blank"">https://open.spotify.com/track/1KWRYWqDw6SBbjC77z2pXB</a>",1KWRYWqDw6SBbjC77z2pXB,Champagne e spine
B. Rex cricca,2UP4ArKNxK85xeIDXLPeX2,3.23,"<a href=""https://open.spotify.com/track/2UP4ArKNxK85xeIDXLPeX2"" target=""_blank"">https://open.spotify.com/track/2UP4ArKNxK85xeIDXLPeX2</a>",2UP4ArKNxK85xeIDXLPeX2,Champagne e spine
